Feature,Importance
smoker,0.62770544704857
bmi,0.1935665923366615
age,0.15266368869361657
children,0.012915903673684642
region,0.008635001527921354
sex,0.004513366719545914
